barcode,count
AAGTTAAGAGAAAGTT,19736
ACTAAAGGCATAGTAG,15856
GAAGAAACTATAACCA,14040
ACTGAACAGTATAACT,13135
AGAGCTAAAAAGAGGA,12910
AGGAAAGAAACTGGAG,10671
TAACAGTTAGACAAAA,9995
CAAAAATCTAATACTT,9859
ACCAAAGCTGAATGGA,9791
GTCATATTCGATTACA,9641
TAATAAGCCAGCAAGA,9528
AATAAAATGCATGGGT,8384
TCACAATTCATATAAT,8344
AAAAAATTTATGACAA,8253
ACAAAGTCTCGAGAAG,8180
GTACAAACCTGCAAAT,8094
AACCACCGAGTGACCG,8075
CAATTAGAAATACATA,8041
TACCCTGCAAGCCACT,7999
TCTATCATCGCCGTTA,7675
AAAGCTCTTTTCGTTC,7306
TTGAAAAAATCATAAA,7207
CGCAGATATCATAGAA,6328
GCTAATTCCAAAAGCG,6276
TTATCTGTAGAGCGCT,6134
CCACGTTCATTAGATG,6014
CCAATAAAATACGATG,5790
TTGGGCACTAAATTAA,5529
TTTTAGATAAACTTAG,5527
CTGAAACCTTGTCCTA,5451
ATATGTGCTAACAAAA,5401
CACCTAGGATCGCACT,5345
TATTATCTAAACGGCG,5233
GAAAATCGAGCTTTAA,5166
GCCGTAGCGAAATCTT,4947
CTGAACTTGTCGATAT,4891
TACGACGGAAACAGAA,4837
TTAGTCATCTGGGTGC,4786
ATCGAAAAAACTGCAA,4747
CTTGAATACACAAACA,4742
AGTAAACATGCATTGG,4592
AGTTGACAGAAATAGG,4575
CATATTCTAAAATTGA,4557
TGGAATCGTCACCGAT,4510
CAAGAAATGTAGTGAA,4432
CTTACAAAGGTAATTC,4430
ACAGTACAGATATGAC,4357
TCGATTACTAGCCGGA,4238
AACGACAAACAGTAAG,4204
AACCCATGACATGCAA,4158
GGTTGCGTAGTTAATC,4022
TCTTACATTGAAAGGC,3995
AGGGACTTTATTGTCC,3974
CATTTCTGATGAATTG,3946
GCTTTTGAGAACCATT,3922
TCGATGGAAGACATCT,3921
GAATAATAGAACAGAG,3914
TCTTAACTACCCGATG,3894
TACCATTTTGGTCCGC,3858
TTACGTCAATGTTTGA,3857
CCACAAGTTTGAAAAC,3805
GAGATAGCCCAGAGGT,3805
AACCGTTAATAAATAA,3735
ATAGAATCGCAAATTA,3706
CTTGTAAAACTATGAT,3662
CAGTGCCATCCATCCA,3640
AAACTTCGTGGTATAC,3628
TCAACCCTTCGATGTA,3589
CATACAGAGTTTGTTG,3588
TCAATGAATGCGGGGT,3535
CGTATAACTGACGATT,3405
TTTCATATAATTTGAG,3310
TCTTGAATTTCATGGA,3300
CCACGCACTTAAATAA,3272
TTAACCTAACGTATAG,3211
AGACTGTACGCGACAG,3193
TGGACACTTACAACAA,3157
TAGCTGGGCAAAGGCT,3145
CTAAGGGCCTGTTCTT,3130
CGCAGTACACAACAAG,3101
ATTTATATTGTCGAAC,3072
AAAACAGGTCCGGTTT,3063
ACAGTCGCAGGGAATA,3000
AAGAAGCTATAGAAGT,2999
AACGACAACCATGAAT,2979
TCGCGGTAGATTTGCG,2936
TAATAACTTGAGATTC,2925
AATTAATGGTAATAAA,2924
ATAAGAGAGCATCTCT,2923
AAAGCCCTAGTTAAGT,2912
CACCTTCATCCTAAAG,2912
TGAGATCAGCCGGGTG,2858
TGATTCGTCAATTCAT,2853
TAGTTGCCCCGACCTG,2852
TAAAAAGCCTCCATGA,2845
GCAACGAGGTGTAACC,2827
TATCATTTCATCTACA,2817
CCCCAGGTATAAAATA,2806
AATGACAGCTGTCTAG,2795
TTGCTAGTCTACCTGA,2792
TTTATGCCGATAGAGA,2787
TGTAGTATAAGAATAA,2756
AACGACACTTACATCC,2746
CTATCTTAATCTACAG,2739
TTATAATGGCCGGTAT,2705
CTTTAAATTATAGTCT,2702
CCGCTATCATTAACCC,2700
AGCTGAATTAAGTATG,2699
GCCCATTGAACGCAGC,2693
GCATTATAATCTTGTG,2675
AACAAGGCCAACATTT,2667
AAGAAAACGGAAAGAA,2665
TAAAAGAATGATGGTC,2662
TTATGATCGAGGTAAA,2662
AGATGGAGGAATAAAC,2660
AATATACCGGCACTAC,2652
TACGAAAATCAAGAGC,2650
GAAAGAAAGCTATATG,2640
GACATCAAATAGCAAC,2630
ATAACGTTTGTGCAAA,2605
TCCAAACAGCGTTAAA,2602
GTTATAGAGTGCTTAC,2600
CGCAAGGGATACTAAC,2591
GGCAATAAGTTAAATG,2591
TTAGCTACTAACCCGT,2580
GAGCCCGAATAGCAAG,2573
TTCTCGGACAGTATCA,2550
GGCTATATATCTGTTT,2549
CGCGAATCACTAAGTA,2530
TACTGAGACACTTAAA,2481
ATAAAGAATCCCTTGA,2455
CAATGGATAATGATAG,2444
ATCGATTCGATTGACG,2439
GGGTGCAATGAATCCA,2436
TAGATAATAAGATTCA,2430
ATTAGATTATAACGTA,2427
GCATCCTTGTGTCGAA,2421
GGTTAACTTTGGAAGC,2389
CAACGTGATGAGGAAG,2363
ATAATAATCATCAAGA,2354
GTTTTTCACTGAGTAG,2346
CTGCATAAAAGCTCCC,2324
TATCCTTGAGTGGCTC,2314
AGTTATGTAAAACGTG,2285
AAGCTAATCGTAGTCC,2281
AAATTTTTCTTTAGAC,2262
AGATCATAAGCAATAA,2259
TTGACTCACCGAATAA,2253
GCTGAAGACAGTATTA,2249
CCATATATAAGAAACC,2231
CAAAAAGCTAATAAGT,2228
CGGGGACAAGATTGTA,2208
CATCATTATTACAAAG,2177
CGATGCACTCGTAAGT,2165
TAAACTGTAACTTACA,2105
GAAGTAACAAACTATG,2100
AAGAAATTATGGCAGG,2060
TATCAATTCGGTATTA,2059
CAGTAGCAAAACATGC,2054
TATATTAGTAACATAA,2050
GATCTGCTTGGAATGT,2048
GTAATTCGCATGCGGA,2046
ACCCTTTTAGATATGA,2036
GTAAAAATTTACAAAT,2028
AAGATTACCAAATTAT,2027
ATTCAATACGTACTTA,2021
ATACTCTGTGCTTTAA,2018
AATCCGATAAGAGCTA,2014
CCCATATACTCACAGA,2010
CCAATCATGTATCACA,1993
CACCCAAACGTTCGCA,1974
ACCGTTTTTCTACCAG,1972
CTGTGAAAAAAAATAC,1971
AAGCGGTTTAGGTCCA,1958
ATCCGATTTAAAGGCA,1949
AACAATTAATTTTTCA,1931
TACCTAACGTCCAACT,1894
GACACAGAACCCATGC,1893
AATTACGCATAGGCCA,1891
ACGTAAATCCCCACAA,1891
CTACTAGAGCAGCGAG,1890
TTAGCAGTTAACGTAT,1878
CCTTTCTCAAAACATA,1874
CGTACAGTGTAATCGA,1868
GACCTCCTGGGCACGC,1851
CCATCACCTTATACAC,1848
TATCGCAATATGATAA,1848
TACCAATGTCATTTGA,1814
GACCAAAAAGCAGTAT,1773
GTAGAAACTAGGAGTT,1764
CCGATAAGACGTCGCT,1762
TCGTCCTAGAACCTAA,1760
ACTATACATAGAAGAA,1759
AAGTGGTAGGATAAAA,1732
TATCCAAGGGACGGAC,1732
TGGCTAGCGCACACCA,1668
TAAACAAAACCTATAC,1577
AGGTGCGAGCCATCAG,1569
TGTTGTAATCTGAATA,1564
ATTTTTCTATGGCTAC,1547
CACGTTAGTGAGACTT,1547
ATGGTTATCTTACCTT,1533
GACAGAAACAAAATTA,1532
CGGGAAATGTAAATGA,1525
TGCCGATCCAATTGAT,1507
ACGGACAACCTATCGC,1495
AGCAGACACTTTACAT,1471
CGGCTAAAGTCTATAG,1465
TTTACTCGACTAACCG,1463
TGAATTGCGTGATGGG,1455
AGCATGAGCTTGTCAT,1449
TGAGTTCATAGCTCCA,1442
TTGCAATTGAAACATA,1438
CATAAAAGACTGTATA,1435
TCCACACCCCTAGCTA,1435
AAGTTGTACTTAAGGC,1399
CATGTGAATTCGCCCA,1389
AATCTTTCCAATCTTG,1386
ATCTAATAATTATGGT,1368
GTTATTATGACTTCAT,1367
AGAAAAACGACATCAT,1352
ATCGTCCCGGACATTT,1350
ATAGGATATATGGCTG,1315
TCAAACTATGATATTC,1257
TTACGACGTCATGTAT,1236
CGATCTTTACGAAAAA,1232
AATAGGCCCAAATCCA,1230
CCGGTTTTCGGGACCT,1201
CGTCAGAAGTTTATAA,1192
TCCTTTAACTAATCGA,1191
AAAGATAAATTCAAAA,1189
AACGCAAAGAGAGCCA,1180
TCTTAGAGTGAACGAT,1178
AACCGTACCGCGTTTA,1177
CGCGAACAACAGGGGA,1150
AGTGCTATAAAAATCA,1142
AGTTCCATAGGCATGG,1141
TTATGTTTTAATGGTA,1123
AGCTATGCCTAGTGAA,1122
CACCACAGTTACTTAA,1091
AAATTCACAATATCCA,1090
GCTGGTGCACAAGATT,1084
AATCCGGTTAACCCCG,1060
CAAGACAAGCCCTATA,1050
GACCAAAGCTGCAGGG,1043
AATCCGAAATTTATTC,982
AAGTATTGCTACACAT,980
AATCAAACATCCAGCG,980
CAGCCGCTAAAATGAT,963
AAATGCTGAGAGGGTA,955
CTGCGAATATTGTGAC,939
AGACCATCGCACCCAA,888
TATACTCACGGAGGAT,886
CGTACGTATGTCCCAG,870
CACAGACAATAAAAAA,861
ACAAAGATAAAAATTT,797
AAATACCCTTGAGATA,772
CCGCAATGACAATTTG,693
CCTATTATAGCTAACA,688
ATGCGTCTAAACATAG,647
ATTTACTCATTATACG,646
AGTCCTATCCTCAAAT,642
TACTAGCAATAAAATC,638
CGTTAACGGCCTATCC,637
CATAATGCACAAACGC,617
CCAGAGACACGCTAGG,571
CTTCATCTCATTTAAA,537
CAAAAGCAGCACGATA,458
CACCGACCAACTCTCT,446
CAGATAGTGATGAACA,443
TGATCCGCAAGCTTAG,431
CTCATTACAGAAATTG,411
GATTCACGGCCCACAA,381
CAATTCGCCGTTCCCC,367
TGACAAACACCTGAGG,363
AATGGTCGAGCCATTC,355
AAAGTAGCAGAGGATT,346
TTACATTTTTAGAATT,340
CTACACTACATCAAAT,337
AACCACCCCAGAGATG,321
TCCCGAACTGAACGCG,314
TTCATCAAGTTGGTGC,282
TCCCCGTGGTTTGACA,255
CGAAAACATTACAAAT,250
AAAGACCTTTAACTCT,233
ATAGAAAATTATCCGC,231
AAACCTCGTGAGGACT,221
ACGCAAATAGACCGAA,221
CGGGAATCTCCCATAC,200
CGCCGAACGGCGGCGC,171
CCAATCCCAGCCTTTA,156
CCCGCTAACCCTGTCT,150
CTCCAATAGGAGACGA,140
CCTATAAGGCCTTACG,75
CCCTCCTCAAGGGTAA,56
TATGATGTCAGATAAA,28
TCCGCCACTATAACAT,7
CATAATCTATTGAAGC,0
TCCGCACTGCGATCAC,0
TTGAAAGCCACAACAC,0
