barcode,strain
AACCGTTAATAAATAA,A/Shaanxi-Yuyang/1204/2024
AACCCATGACATGCAA,A/Shaanxi-Yuyang/1204/2024
AGTTGACAGAAATAGG,A/Shaanxi-Yuyang/1204/2024
AAACCTCGTGAGGACT,A/Oman/CPHL_7248310/2024
AATCAAACATCCAGCG,A/Oman/CPHL_7248310/2024
TTCTCGGACAGTATCA,A/Oman/CPHL_7248310/2024
AAGAAGCTATAGAAGT,A/DistrictOfColumbia/27/2023
TCCGCACTGCGATCAC,A/DistrictOfColumbia/27/2023
GAATAATAGAACAGAG,A/DistrictOfColumbia/27/2023
TCGATGGAAGACATCT,A/Lisboa/124/2024
GTAAAAATTTACAAAT,A/Lisboa/124/2024
CTGCATAAAAGCTCCC,A/Lisboa/124/2024
ATACTCTGTGCTTTAA,A/BritishColumbia/RV00920/2023
AACGCAAAGAGAGCCA,A/BritishColumbia/RV00920/2023
TACCTAACGTCCAACT,A/BritishColumbia/RV00920/2023
