group,serum,virus,replicate,titer,titer_bound,titer_as,nt50,midpoint,top,bottom,slope
EllebedyVaccineCohort,mRNA-1010_397-014_d0,A/Brisbane/429/2023_H3N2,plate6-TTAACCTAACGTATAG,245.6,interpolated,midpoint,245.6,245.6,1,0,1.253
EllebedyVaccineCohort,mRNA-1010_397-014_d0,A/Brisbane/429/2023_H3N2,plate6-CTCCAATAGGAGACGA,348.3,interpolated,midpoint,348.3,348.3,1,0,2.374
EllebedyVaccineCohort,mRNA-1010_397-014_d0,A/Brisbane/429/2023_H3N2,plate6-TTGCTAGTCTACCTGA,61.22,interpolated,midpoint,67.73,61.22,0.6819,0,10
EllebedyVaccineCohort,mRNA-1010_397-014_d0,A/Sydney/715/2023_H3N2,plate6-TACGACGGAAACAGAA,53.94,interpolated,midpoint,56.2,53.94,0.8317,0,10
EllebedyVaccineCohort,mRNA-1010_397-014_d0,A/Sydney/715/2023_H3N2,plate6-CTACACTACATCAAAT,181.9,interpolated,midpoint,206.4,181.9,0.9299,0,1.199
EllebedyVaccineCohort,mRNA-1010_397-014_d0,A/Sydney/715/2023_H3N2,plate6-AATGACAGCTGTCTAG,60.14,interpolated,midpoint,62.55,60.14,0.8375,0,9.989
EllebedyVaccineCohort,mRNA-1010_397-014_d0,A/Saint-Petersburg/RII-166/2023_H3N2,plate6-CCGGTTTTCGGGACCT,48.93,interpolated,midpoint,51.09,48.93,0.8246,0,10
EllebedyVaccineCohort,mRNA-1010_397-014_d0,A/Saint-Petersburg/RII-166/2023_H3N2,plate6-GCTTTTGAGAACCATT,56.54,interpolated,midpoint,58.87,56.54,0.8336,0,10
EllebedyVaccineCohort,mRNA-1010_397-014_d0,A/Saint-Petersburg/RII-166/2023_H3N2,plate6-ATAAAGAATCCCTTGA,56.19,interpolated,midpoint,58.41,56.19,0.8396,0,10
EllebedyVaccineCohort,mRNA-1010_397-014_d0,A/Townsville/68/2023_H3N2,plate6-GTTATAGAGTGCTTAC,51.36,interpolated,midpoint,54.56,51.36,0.7732,0,10
EllebedyVaccineCohort,mRNA-1010_397-014_d0,A/Townsville/68/2023_H3N2,plate6-ACAGTACAGATATGAC,53.88,interpolated,midpoint,57.29,53.88,0.7709,0,10
EllebedyVaccineCohort,mRNA-1010_397-014_d0,A/Townsville/68/2023_H3N2,plate6-TCCCGAACTGAACGCG,244.9,interpolated,midpoint,256,244.9,0.9681,0,1.495
EllebedyVaccineCohort,mRNA-1010_397-014_d0,A/California/81/2023_H3N2,plate6-CCGATAAGACGTCGCT,266.9,interpolated,midpoint,353.2,266.9,0.7997,0,1.828
EllebedyVaccineCohort,mRNA-1010_397-014_d0,A/California/81/2023_H3N2,plate6-ATTTATATTGTCGAAC,226.2,interpolated,midpoint,242.2,226.2,0.9611,0,1.186
EllebedyVaccineCohort,mRNA-1010_397-014_d0,A/California/81/2023_H3N2,plate6-TTATGATCGAGGTAAA,150.1,interpolated,midpoint,197.9,150.1,0.8282,0,1.523
EllebedyVaccineCohort,mRNA-1010_397-014_d0,A/Ontario/RV00796/2023_H3N2,plate6-TACCATTTTGGTCCGC,53.33,interpolated,midpoint,56.78,53.33,0.7671,0,10
EllebedyVaccineCohort,mRNA-1010_397-014_d0,A/Maldives/852/2023_H3N2,plate6-CAGCCGCTAAAATGAT,316.4,interpolated,midpoint,316.4,316.4,1,0,0.8516
EllebedyVaccineCohort,mRNA-1010_397-014_d0,A/Bhutan/0845/2023_H3N2,plate6-AACAATTAATTTTTCA,199.4,interpolated,midpoint,285.8,199.4,0.7799,0,1.613
EllebedyVaccineCohort,mRNA-1010_397-014_d0,A/Bhutan/0845/2023_H3N2,plate6-AAGAAATTATGGCAGG,137.3,interpolated,midpoint,153.6,137.3,0.9474,0,0.9899
EllebedyVaccineCohort,mRNA-1010_397-014_d0,A/Bhutan/0845/2023_H3N2,plate6-GACAGAAACAAAATTA,58.8,interpolated,midpoint,61.71,58.8,0.813,0,9.704
EllebedyVaccineCohort,mRNA-1010_397-014_d0,A/Netherlands/01693/2023_H3N2,plate6-AACGACACTTACATCC,252,interpolated,midpoint,358.1,252,0.7172,0,2.373
EllebedyVaccineCohort,mRNA-1010_397-014_d0,A/Netherlands/01693/2023_H3N2,plate6-AAGCGGTTTAGGTCCA,53.08,interpolated,midpoint,61.07,53.08,0.6232,0,10
EllebedyVaccineCohort,mRNA-1010_397-014_d0,A/Chipata/15-NIC-001/2023_H3N2,plate6-CGTATAACTGACGATT,143.5,interpolated,midpoint,147.9,143.5,0.9854,0,1.002
EllebedyVaccineCohort,mRNA-1010_397-014_d0,A/Chipata/15-NIC-001/2023_H3N2,plate6-TTTCATATAATTTGAG,57.98,interpolated,midpoint,59.98,57.98,0.8565,0,10
EllebedyVaccineCohort,mRNA-1010_397-014_d0,A/Sydney/710/2023_H3N2,plate6-GCCGTAGCGAAATCTT,75.93,interpolated,midpoint,81.16,75.93,0.8386,0,5.853
EllebedyVaccineCohort,mRNA-1010_397-014_d0,A/SouthAfrica/K056872/2023_H3N2,plate6-ATCGAAAAAACTGCAA,110.8,interpolated,midpoint,111.8,110.8,0.9567,0,10
EllebedyVaccineCohort,mRNA-1010_397-014_d0,A/SouthAfrica/K056872/2023_H3N2,plate6-GCTGAAGACAGTATTA,160.3,interpolated,midpoint,196.7,160.3,0.8722,0,1.442
EllebedyVaccineCohort,mRNA-1010_397-014_d0,A/Catalonia/NSVH102124476/2023_H3N2,plate6-CTAAGGGCCTGTTCTT,57.12,interpolated,midpoint,60.86,57.12,0.7653,0,10
EllebedyVaccineCohort,mRNA-1010_397-014_d0,A/Catalonia/NSVH102124476/2023_H3N2,plate6-AATATACCGGCACTAC,76.03,interpolated,midpoint,90.97,76.03,0.6708,0,5.988
EllebedyVaccineCohort,mRNA-1010_397-014_d0,A/Catalonia/NSVH102124476/2023_H3N2,plate6-ACTGAACAGTATAACT,62.75,interpolated,midpoint,66.39,62.75,0.7841,0,10
EllebedyVaccineCohort,mRNA-1010_397-014_d0,A/Brisbane/02/2018_H1N1,plate6-TAATAAGCCAGCAAGA,541.8,interpolated,midpoint,679.4,541.8,0.6,0,7.109
EllebedyVaccineCohort,mRNA-1010_397-014_d0,A/Brisbane/02/2018_H1N1,plate6-TTGGGCACTAAATTAA,633.3,interpolated,midpoint,948.3,633.3,0.6,0,3.986
EllebedyVaccineCohort,mRNA-1010_397-014_d0,A/Brisbane/02/2018_H1N1,plate6-ATCCGATTTAAAGGCA,418,interpolated,midpoint,444.8,418,0.7688,0,10
EllebedyVaccineCohort,mRNA-1010_397-014_d0,A/Saskatchewan/SKFLU317847/2023_H3N2,plate6-GACCAAAAAGCAGTAT,55.73,interpolated,midpoint,58.24,55.73,0.8218,0,10
EllebedyVaccineCohort,mRNA-1010_397-014_d0,A/Saskatchewan/SKFLU317847/2023_H3N2,plate6-GTTTTTCACTGAGTAG,206.9,interpolated,midpoint,279.2,206.9,0.8929,0,0.8045
EllebedyVaccineCohort,mRNA-1010_397-014_d0,A/Saskatchewan/SKFLU317847/2023_H3N2,plate6-AGCATGAGCTTGTCAT,57.46,interpolated,midpoint,61.25,57.46,0.764,0,9.992
EllebedyVaccineCohort,mRNA-1010_397-014_d0,A/SouthSudan/631/2023_H3N2,plate6-CCAATAAAATACGATG,62.99,interpolated,midpoint,64.35,62.99,0.9038,0,10
EllebedyVaccineCohort,mRNA-1010_397-014_d0,A/SouthSudan/631/2023_H3N2,plate6-CTGAAACCTTGTCCTA,58.17,interpolated,midpoint,60.29,58.17,0.8497,0,10
EllebedyVaccineCohort,mRNA-1010_397-014_d0,A/Hawaii/70/2019_H1N1,plate6-TGGAATCGTCACCGAT,439.2,interpolated,midpoint,456.7,439.2,0.8382,0,10
EllebedyVaccineCohort,mRNA-1010_397-014_d0,A/Hawaii/70/2019_H1N1,plate6-AGTAAACATGCATTGG,430.2,interpolated,midpoint,448.6,430.2,0.8292,0,10
EllebedyVaccineCohort,mRNA-1010_397-014_d0,A/Bhutan/FLU-BTG-00988/2022_H3N2,plate6-GGTTGCGTAGTTAATC,180.1,interpolated,midpoint,180.1,180.1,1,0,1.103
EllebedyVaccineCohort,mRNA-1010_397-014_d0,A/Guangdong-Futian/1980/2023_H3N2,plate6-TTATGTTTTAATGGTA,302.6,interpolated,midpoint,344.7,302.6,0.9411,0,0.9636
EllebedyVaccineCohort,mRNA-1010_397-014_d0,A/Guangdong-Futian/1980/2023_H3N2,plate6-ATGCGTCTAAACATAG,154.2,interpolated,midpoint,226.8,154.2,0.7516,0,1.782
EllebedyVaccineCohort,mRNA-1010_397-014_d0,A/Guangdong-Futian/1980/2023_H3N2,plate6-ACAAAGATAAAAATTT,57.64,interpolated,midpoint,61.9,57.64,0.7453,0,9.998
EllebedyVaccineCohort,mRNA-1010_397-014_d0,A/Sydney/749/2023_H3N2,plate6-GTAGAAACTAGGAGTT,188.3,interpolated,midpoint,245.7,188.3,0.8423,0,1.424
EllebedyVaccineCohort,mRNA-1010_397-014_d0,A/Sydney/749/2023_H3N2,plate6-TCGTCCTAGAACCTAA,252.2,interpolated,midpoint,297,252.2,0.8282,0,2.579
EllebedyVaccineCohort,mRNA-1010_397-014_d0,A/Sydney/749/2023_H3N2,plate6-AGCAGACACTTTACAT,70.25,interpolated,midpoint,77.95,70.25,0.7169,0,8.034
EllebedyVaccineCohort,mRNA-1010_397-014_d0,A/Bangkok/P3599/2023_H3N2,plate6-AGGTGCGAGCCATCAG,82.7,interpolated,midpoint,84.82,82.7,0.941,0,4.947
EllebedyVaccineCohort,mRNA-1010_397-014_d0,A/Bangkok/P3599/2023_H3N2,plate6-GAAAGAAAGCTATATG,57.81,interpolated,midpoint,61.77,57.81,0.758,0,9.995
EllebedyVaccineCohort,mRNA-1010_397-014_d0,A/TECPAN/017FLU/2023_H3N2,plate6-TACTGAGACACTTAAA,327.8,interpolated,midpoint,341.7,327.8,0.8308,0,10
EllebedyVaccineCohort,mRNA-1010_397-014_d0,A/TECPAN/017FLU/2023_H3N2,plate6-ATAATAATCATCAAGA,331.9,interpolated,midpoint,348.9,331.9,0.8037,0,10
EllebedyVaccineCohort,mRNA-1010_397-014_d0,A/TECPAN/017FLU/2023_H3N2,plate6-CACCTTCATCCTAAAG,328.8,interpolated,midpoint,343.3,328.8,0.825,0,10
EllebedyVaccineCohort,mRNA-1010_397-014_d0,A/SOUTHAFRICA/R07876/202023_H3N2,plate6-AGACTGTACGCGACAG,58.2,interpolated,midpoint,59.94,58.2,0.8724,0,10
EllebedyVaccineCohort,mRNA-1010_397-014_d0,A/SOUTHAFRICA/R07876/202023_H3N2,plate6-TGATTCGTCAATTCAT,151.5,interpolated,midpoint,161.3,151.5,0.9599,0,1.332
EllebedyVaccineCohort,mRNA-1010_397-014_d0,A/SOUTHAFRICA/R07876/202023_H3N2,plate6-CTACTAGAGCAGCGAG,137.1,interpolated,midpoint,163.8,137.1,0.9135,0,1.067
EllebedyVaccineCohort,mRNA-1010_397-014_d0,A/SouthSudan/642/2023_H3N2,plate6-AATCTTTCCAATCTTG,310.4,interpolated,midpoint,316.1,310.4,0.9164,0,10
EllebedyVaccineCohort,mRNA-1010_397-014_d0,A/SouthSudan/642/2023_H3N2,plate6-GCTAATTCCAAAAGCG,128.3,interpolated,midpoint,168.5,128.3,0.859,0,1.216
EllebedyVaccineCohort,mRNA-1010_397-014_d0,A/SouthSudan/642/2023_H3N2,plate6-TCTTAACTACCCGATG,61.06,interpolated,midpoint,64.26,61.06,0.8003,0,9.995
EllebedyVaccineCohort,mRNA-1010_397-014_d0,A/SouthAfrica/K056863/2023_H3N2,plate6-GAGCCCGAATAGCAAG,222.9,interpolated,midpoint,269.1,222.9,0.864,0,1.688
EllebedyVaccineCohort,mRNA-1010_397-014_d0,A/SouthAfrica/K056863/2023_H3N2,plate6-CCGCTATCATTAACCC,1378,interpolated,midpoint,1378,1378,1,0,0.8
EllebedyVaccineCohort,mRNA-1010_397-014_d0,A/SouthAfrica/K056863/2023_H3N2,plate6-ATCGTCCCGGACATTT,149.1,interpolated,midpoint,261.3,149.1,0.7157,0,1.498
EllebedyVaccineCohort,mRNA-1010_397-014_d0,A/Michigan/45/2015_H1N1,plate6-ACAAAGTCTCGAGAAG,3626,interpolated,midpoint,3626,3626,1,0,1.57
EllebedyVaccineCohort,mRNA-1010_397-014_d0,A/Michigan/45/2015_H1N1,plate6-TTGAAAAAATCATAAA,4480,interpolated,midpoint,4480,4480,1,0,1.608
EllebedyVaccineCohort,mRNA-1010_397-014_d0,A/Michigan/45/2015_H1N1,plate6-CACCTAGGATCGCACT,3725,interpolated,midpoint,3725,3725,1,0,1.527
EllebedyVaccineCohort,mRNA-1010_397-014_d0,A/KANAGAWA/AC2316/2023_H3N2,plate6-TGCCGATCCAATTGAT,266.5,interpolated,midpoint,302.1,266.5,0.9209,0,1.373
EllebedyVaccineCohort,mRNA-1010_397-014_d0,A/KANAGAWA/AC2316/2023_H3N2,plate6-TATCCTTGAGTGGCTC,208.5,interpolated,midpoint,227.2,208.5,0.9536,0,1.132
EllebedyVaccineCohort,mRNA-1010_397-014_d0,A/KANAGAWA/AC2316/2023_H3N2,plate6-CTTGAATACACAAACA,58.25,interpolated,midpoint,60.88,58.25,0.8229,0,9.892
EllebedyVaccineCohort,mRNA-1010_397-014_d0,A/SouthAfrica/R06240/2023_H3N2,plate6-CATATTCTAAAATTGA,184.8,interpolated,midpoint,219.9,184.8,0.9016,0,1.261
EllebedyVaccineCohort,mRNA-1010_397-014_d0,A/SouthAfrica/R06240/2023_H3N2,plate6-AGAAAAACGACATCAT,307,interpolated,midpoint,323.2,307,0.7992,0,10
EllebedyVaccineCohort,mRNA-1010_397-014_d0,A/Netherlands/01685/2023_H3N2,plate6-TGAGATCAGCCGGGTG,205.3,interpolated,midpoint,232.4,205.3,0.92,0,1.406
EllebedyVaccineCohort,mRNA-1010_397-014_d0,A/SouthAfrica/R06477/2023_H3N2,plate6-GATCTGCTTGGAATGT,203.4,interpolated,midpoint,293.4,203.4,0.7758,0,1.625
EllebedyVaccineCohort,mRNA-1010_397-014_d0,A/SouthAfrica/R06477/2023_H3N2,plate6-TAAACAAAACCTATAC,120.8,interpolated,midpoint,153.8,120.8,0.87,0,1.244
EllebedyVaccineCohort,mRNA-1010_397-014_d0,A/Massachusetts/18/2022_H3N2,plate6-TCCACACCCCTAGCTA,194.9,interpolated,midpoint,241,194.9,0.8882,0,1.192
EllebedyVaccineCohort,mRNA-1010_397-014_d0,A/Massachusetts/18/2022_H3N2,plate6-CATTTCTGATGAATTG,115.9,interpolated,midpoint,136.3,115.9,0.8964,0,1.426
EllebedyVaccineCohort,mRNA-1010_397-014_d0,A/SamutSongkhram/THIS061/2023_H3N2,plate6-GAGATAGCCCAGAGGT,166.2,interpolated,midpoint,166.2,166.2,1,0,0.9781
EllebedyVaccineCohort,mRNA-1010_397-014_d0,A/SamutSongkhram/THIS061/2023_H3N2,plate6-AAGTTGTACTTAAGGC,57.49,interpolated,midpoint,62.73,57.49,0.7089,0,10
EllebedyVaccineCohort,mRNA-1010_397-014_d0,A/Thailand/8/2022_H3N2,plate6-CGTACGTATGTCCCAG,202.4,interpolated,midpoint,221.2,202.4,0.9478,0,1.235
EllebedyVaccineCohort,mRNA-1010_397-014_d0,A/Thailand/8/2022_H3N2,plate6-AGACCATCGCACCCAA,195.8,interpolated,midpoint,195.8,195.8,1,0,1.302
EllebedyVaccineCohort,mRNA-1010_397-014_d0,A/Darwin/9/2021_H3N2,plate6-CGTTAACGGCCTATCC,439.4,interpolated,midpoint,446.9,439.4,0.9228,0,10
EllebedyVaccineCohort,mRNA-1010_397-014_d0,A/Darwin/9/2021_H3N2,plate6-CAAAAGCAGCACGATA,414.5,interpolated,midpoint,428,414.5,0.8627,0,10
EllebedyVaccineCohort,mRNA-1010_397-014_d0,A/SouthAfrica/R06359/2023_H3N2,plate6-CGCAGTACACAACAAG,58.52,interpolated,midpoint,63.28,58.52,0.7287,0,10
EllebedyVaccineCohort,mRNA-1010_397-014_d0,A/KANAGAWA/IC2239/2023_H3N2,plate6-GACCAAAGCTGCAGGG,114.3,interpolated,midpoint,138.3,114.3,0.9084,0,1.06
EllebedyVaccineCohort,mRNA-1010_397-014_d0,A/KANAGAWA/IC2239/2023_H3N2,plate6-TGTAGTATAAGAATAA,57.69,interpolated,midpoint,60.82,57.69,0.7948,0,10
EllebedyVaccineCohort,mRNA-1010_397-014_d0,A/KANAGAWA/IC2239/2023_H3N2,plate6-ACGTAAATCCCCACAA,622.2,interpolated,midpoint,622.2,622.2,1,0,0.8132
EllebedyVaccineCohort,mRNA-1010_397-014_d0,A/California/07/2009_H1N1,plate6-CCTTTCTCAAAACATA,5007,interpolated,midpoint,5007,5007,1,0,2.522
EllebedyVaccineCohort,mRNA-1010_397-014_d0,A/California/07/2009_H1N1,plate6-CATGTGAATTCGCCCA,6291,lower,midpoint,6291,6291,1,0,1.351
EllebedyVaccineCohort,mRNA-1010_397-014_d0,A/California/07/2009_H1N1,plate6-GACACAGAACCCATGC,6668,interpolated,midpoint,6668,6668,1,0,2.671
EllebedyVaccineCohort,mRNA-1010_397-014_d0,A/Oman/3011/2023_H3N2,plate6-AATAGGCCCAAATCCA,205.5,interpolated,midpoint,261.4,205.5,0.8946,0,0.9843
EllebedyVaccineCohort,mRNA-1010_397-014_d0,A/Oman/3011/2023_H3N2,plate6-TACGAAAATCAAGAGC,57.71,interpolated,midpoint,61.85,57.71,0.7498,0,9.996
EllebedyVaccineCohort,mRNA-1010_397-014_d0,A/Busan/1301/2023_H3N2,plate6-TAAAAGAATGATGGTC,61.78,interpolated,midpoint,70.53,61.78,0.633,0,10
EllebedyVaccineCohort,mRNA-1010_397-014_d0,A/Busan/1301/2023_H3N2,plate6-GCATTATAATCTTGTG,349.1,interpolated,midpoint,369.9,349.1,0.7802,0,10
EllebedyVaccineCohort,mRNA-1010_397-014_d0,A/Busan/1301/2023_H3N2,plate6-AATCCGGTTAACCCCG,241.9,interpolated,midpoint,307.3,241.9,0.8258,0,1.79
EllebedyVaccineCohort,mRNA-1010_397-014_d0,A/Sydney/332/2023_H3N2,plate6-GCCCATTGAACGCAGC,160.2,interpolated,midpoint,184.1,160.2,0.8864,0,1.858
EllebedyVaccineCohort,mRNA-1010_397-014_d0,A/Sydney/332/2023_H3N2,plate6-CCCCAGGTATAAAATA,80.79,interpolated,midpoint,96.08,80.79,0.6223,0,8.125
EllebedyVaccineCohort,mRNA-1010_397-014_d0,A/YAMAGATA/98/2023_H3N2,plate6-CAACGTGATGAGGAAG,57.8,interpolated,midpoint,60.64,57.8,0.8098,0,10
EllebedyVaccineCohort,mRNA-1010_397-014_d0,A/SuratThani/P152/2023_H3N2,plate6-CAATGGATAATGATAG,260,interpolated,midpoint,260,260,1,0,1.108
EllebedyVaccineCohort,mRNA-1010_397-014_d0,A/SuratThani/P152/2023_H3N2,plate6-TTACGACGTCATGTAT,345.3,interpolated,midpoint,368.8,345.3,0.759,0,10
EllebedyVaccineCohort,mRNA-1010_397-014_d0,A/SuratThani/P152/2023_H3N2,plate6-GATTCACGGCCCACAA,1079,interpolated,midpoint,1129,1079,0.9822,0,0.8
EllebedyVaccineCohort,mRNA-1010_397-014_d0,A/SouthAfrica/R07073/2023_H3N2,plate6-CGGCTAAAGTCTATAG,326.7,interpolated,midpoint,340.5,326.7,0.8303,0,10
EllebedyVaccineCohort,mRNA-1010_397-014_d0,A/SouthAfrica/R07073/2023_H3N2,plate6-CACCCAAACGTTCGCA,339.7,interpolated,midpoint,353.5,339.7,0.8366,0,10
EllebedyVaccineCohort,mRNA-1010_397-014_d0,A/EHIME/50/2023_H3N2,plate6-TTATAATGGCCGGTAT,260.7,interpolated,midpoint,341.3,260.7,0.7853,0,2.085
EllebedyVaccineCohort,mRNA-1010_397-014_d0,A/EHIME/50/2023_H3N2,plate6-CGCGAATCACTAAGTA,270.3,interpolated,midpoint,294.2,270.3,0.9512,0,1.214
EllebedyVaccineCohort,mRNA-1010_397-014_d0,A/EHIME/50/2023_H3N2,plate6-CAGTAGCAAAACATGC,133.4,interpolated,midpoint,187.3,133.4,0.7911,0,1.593
EllebedyVaccineCohort,mRNA-1010_397-014_d0,A/Romania/543634/2022_H3N2,plate6-TTTACTCGACTAACCG,323,interpolated,midpoint,338.3,323,0.8148,0,10
EllebedyVaccineCohort,mRNA-1010_397-014_d0,A/Romania/543634/2022_H3N2,plate6-CTTCATCTCATTTAAA,311,interpolated,midpoint,358.7,311,0.62,0,10
EllebedyVaccineCohort,mRNA-1010_397-014_d0,A/Jeju/1047/2023_H3N2,plate6-TGAATTGCGTGATGGG,334.5,interpolated,midpoint,340.9,334.5,0.9139,0,10
EllebedyVaccineCohort,mRNA-1010_397-014_d0,A/Jeju/1047/2023_H3N2,plate6-AATGGTCGAGCCATTC,356.1,interpolated,midpoint,367.2,356.1,0.8677,0,10
EllebedyVaccineCohort,mRNA-1010_397-014_d0,A/Finland/399/2023_H3N2,plate6-TCAATGAATGCGGGGT,262.6,interpolated,midpoint,290.9,262.6,0.9199,0,1.708
EllebedyVaccineCohort,mRNA-1010_397-014_d0,A/Finland/399/2023_H3N2,plate6-CCACAAGTTTGAAAAC,220.7,interpolated,midpoint,251.5,220.7,0.9396,0,0.9836
EllebedyVaccineCohort,mRNA-1010_397-014_d0,A/Finland/399/2023_H3N2,plate6-CCAGAGACACGCTAGG,236.6,interpolated,midpoint,340.5,236.6,0.8077,0,1.333
EllebedyVaccineCohort,mRNA-1010_397-014_d0,A/Kansas/14/2017_H3N2,plate6-GCAACGAGGTGTAACC,552.6,interpolated,midpoint,584.3,552.6,0.8623,0,5.781
EllebedyVaccineCohort,mRNA-1010_397-014_d0,A/Kansas/14/2017_H3N2,plate6-AACCACCCCAGAGATG,726.9,interpolated,midpoint,777.2,726.9,0.8213,0,6.619
EllebedyVaccineCohort,mRNA-1010_397-014_d0,A/SouthDakota/22/2023_H3N2,plate6-GAAGTAACAAACTATG,351.3,interpolated,midpoint,353.4,351.3,0.9721,0,10
EllebedyVaccineCohort,mRNA-1010_397-014_d0,A/Netherlands/01760/2023_H3N2,plate6-AATCCGATAAGAGCTA,327.6,interpolated,midpoint,336.1,327.6,0.8867,0,10
EllebedyVaccineCohort,mRNA-1010_397-014_d0,A/Netherlands/01760/2023_H3N2,plate6-AACAAGGCCAACATTT,345.2,interpolated,midpoint,345.2,345.2,1,0,5.643
EllebedyVaccineCohort,mRNA-1010_397-014_d0,A/Schleswig-Holstein/4/2023_H3N2,plate6-ACGGACAACCTATCGC,337.9,interpolated,midpoint,354.2,337.9,0.8122,0,10
EllebedyVaccineCohort,mRNA-1010_397-014_d0,A/Schleswig-Holstein/4/2023_H3N2,plate6-CCAATCATGTATCACA,474.2,interpolated,midpoint,520.6,474.2,0.9019,0,2.339
EllebedyVaccineCohort,mRNA-1010_397-014_d0,A/SouthAfrica/R06506/2023_H3N2,plate6-AAATACCCTTGAGATA,312.5,interpolated,midpoint,321.2,312.5,0.9785,0,1.595
EllebedyVaccineCohort,mRNA-1010_397-014_d0,A/SouthAfrica/R06506/2023_H3N2,plate6-ACCCTTTTAGATATGA,353.3,interpolated,midpoint,367.5,353.3,0.8375,0,10
EllebedyVaccineCohort,mRNA-1010_397-014_d0,A/Victoria/1033/2023_H3N2,plate6-ATCGATTCGATTGACG,117.2,interpolated,midpoint,200.9,117.2,0.7395,0,1.366
EllebedyVaccineCohort,mRNA-1010_397-014_d0,A/Malaysia/IMR-SARI1989/2023_H3N2,plate6-AATTACGCATAGGCCA,161.2,interpolated,midpoint,262.4,161.2,0.7484,0,1.435
EllebedyVaccineCohort,mRNA-1010_397-014_d0,A/SENDAI/45/2023_H3N2,plate6-CTGCGAATATTGTGAC,309,interpolated,midpoint,339,309,0.6978,0,10
EllebedyVaccineCohort,mRNA-1010_397-014_d0,A/SENDAI/45/2023_H3N2,plate6-TGACAAACACCTGAGG,112.8,interpolated,midpoint,122.1,112.8,0.7258,0,10
EllebedyVaccineCohort,mRNA-1010_397-014_d0,A/Singapore/INFIMH-16-0019/2016_H3N2,plate6-TACCAATGTCATTTGA,2480,interpolated,midpoint,5970,2480,0.6,0,1.832
EllebedyVaccineCohort,mRNA-1010_397-014_d0,A/Singapore/INFIMH-16-0019/2016_H3N2,plate6-CGTACAGTGTAATCGA,828.9,interpolated,midpoint,1235,828.9,0.6427,0,3.145
EllebedyVaccineCohort,mRNA-1010_397-014_d0,A/Singapore/INFIMH-16-0019/2016_H3N2,plate6-TACTAGCAATAAAATC,5470,interpolated,midpoint,5470,5470,1,0,1.642
EllebedyVaccineCohort,mRNA-1010_397-014_d0,A/HongKong/2671/2019_H3N2,plate6-TTCATCAAGTTGGTGC,8006,interpolated,midpoint,8006,8006,1,0,10
EllebedyVaccineCohort,mRNA-1010_397-014_d0,A/HongKong/2671/2019_H3N2,plate6-CGAAAACATTACAAAT,7833,interpolated,midpoint,7833,7833,1,0,10
EllebedyVaccineCohort,mRNA-1010_397-014_d0,A/HongKong/2671/2019_H3N2,plate6-CGGGAATCTCCCATAC,1.026e+04,interpolated,midpoint,1.026e+04,1.026e+04,1,0,5.553
EllebedyVaccineCohort,mRNA-1010_397-014_d0,A/Texas/50/2012X-223A_H3N2,plate6-ACGCAAATAGACCGAA,1.73e+04,lower,midpoint,1.73e+04,1.73e+04,1,0,8.715
EllebedyVaccineCohort,mRNA-1010_397-014_d0,A/Texas/50/2012X-223A_H3N2,plate6-TCCCCGTGGTTTGACA,1.73e+04,lower,midpoint,1.73e+04,1.73e+04,1,0,9.971
EllebedyVaccineCohort,mRNA-1010_397-014_d0,A/Texas/50/2012X-223A_H3N2,plate6-ATAGAAAATTATCCGC,1.73e+04,lower,midpoint,1.73e+04,1.73e+04,1,0,8.732
EllebedyVaccineCohort,mRNA-1010_397-014_d0,A/Switzerland/9715293/2013NIB-88_H3N2,plate6-CGGGAAATGTAAATGA,6291,lower,midpoint,6291,6291,1,0,1.977
EllebedyVaccineCohort,mRNA-1010_397-014_d0,A/Switzerland/9715293/2013NIB-88_H3N2,plate6-ATAGGATATATGGCTG,6291,lower,midpoint,6291,6291,0.6,0,1.617
EllebedyVaccineCohort,mRNA-1010_397-014_d0,A/AbuDhabi/6753/2023_H3N2,plate6-TATCGCAATATGATAA,57.83,interpolated,midpoint,61.97,57.83,0.7508,0,9.997
EllebedyVaccineCohort,mRNA-1010_397-014_d0,A/Georgia/40/2023_H3N2,plate6-CCATATATAAGAAACC,60.88,interpolated,midpoint,65.84,60.88,0.7285,0,9.994
EllebedyVaccineCohort,mRNA-1010_397-014_d0,A/Georgia/40/2023_H3N2,plate6-CCCATATACTCACAGA,224.8,interpolated,midpoint,225.8,224.8,0.9934,0,2.892
EllebedyVaccineCohort,mRNA-1010_397-014_d0,A/Solwezi/13-NIC-001/2023_H3N2,plate6-TAGTTGCCCCGACCTG,58.19,interpolated,midpoint,61.74,58.19,0.7767,0,9.991
EllebedyVaccineCohort,mRNA-1010_397-014_d0,A/Solwezi/13-NIC-001/2023_H3N2,plate6-CCACGTTCATTAGATG,197.8,interpolated,midpoint,206.7,197.8,0.9746,0,1.195
EllebedyVaccineCohort,mRNA-1010_397-014_d0,A/Cambodia/e0826360/2020egg_H3N2,plate6-ATAACGTTTGTGCAAA,5717,interpolated,midpoint,6291,5717,0.6,0,1.09
EllebedyVaccineCohort,mRNA-1010_397-014_d0,A/Cambodia/e0826360/2020egg_H3N2,plate6-AAATTCACAATATCCA,5097,interpolated,midpoint,5097,5097,1,0,2.53
EllebedyVaccineCohort,mRNA-1010_397-014_d0,A/Cambodia/e0826360/2020egg_H3N2,plate6-TGTTGTAATCTGAATA,4678,interpolated,midpoint,6291,4678,0.6,0,1.375
EllebedyVaccineCohort,mRNA-1010_397-014_d0,A/HongKong/4801/2014egg_H3N2,plate6-GGTTAACTTTGGAAGC,8258,interpolated,midpoint,8258,8258,1,0,10
EllebedyVaccineCohort,mRNA-1010_397-014_d0,A/HongKong/4801/2014egg_H3N2,plate6-CACAGACAATAAAAAA,6291,lower,midpoint,6291,6291,1,0,3.344
EllebedyVaccineCohort,mRNA-1010_397-014_d0,A/HongKong/4801/2014egg_H3N2,plate6-ATTTACTCATTATACG,8032,interpolated,midpoint,8032,8032,1,0,10
EllebedyVaccineCohort,mRNA-1010_397-014_d0,A/Switzerland/9715293/2013_H3N2,plate6-AGCTGAATTAAGTATG,645.4,interpolated,midpoint,766.6,645.4,0.7219,0,4.719
EllebedyVaccineCohort,mRNA-1010_397-014_d0,A/Switzerland/9715293/2013_H3N2,plate6-TCGATTACTAGCCGGA,2662,interpolated,midpoint,2662,2662,1,0,1.639
EllebedyVaccineCohort,mRNA-1010_397-014_d0,A/Singapore/INFIMH-16-0019/2016X-307A_H3N2,plate6-CAGATAGTGATGAACA,8738,interpolated,midpoint,8738,8738,1,0,5.49
EllebedyVaccineCohort,mRNA-1010_397-014_d0,A/Singapore/INFIMH-16-0019/2016X-307A_H3N2,plate6-AAAGACCTTTAACTCT,9794,interpolated,midpoint,9794,9794,1,0,10
EllebedyVaccineCohort,mRNA-1010_397-014_d0,A/Singapore/INFIMH-16-0019/2016X-307A_H3N2,plate6-GTAATTCGCATGCGGA,6291,lower,midpoint,6291,6291,0.9995,0,3.146
EllebedyVaccineCohort,mRNA-1010_397-014_d0,A/Texas/50/2012_H3N2,plate6-TGAGTTCATAGCTCCA,9081,interpolated,midpoint,9081,9081,1,0,10
EllebedyVaccineCohort,mRNA-1010_397-014_d0,A/Texas/50/2012_H3N2,plate6-AACCGTACCGCGTTTA,8816,interpolated,midpoint,9195,8816,0.8328,0,9.68
EllebedyVaccineCohort,mRNA-1010_397-014_d0,A/Texas/50/2012_H3N2,plate6-AGTTCCATAGGCATGG,9333,interpolated,midpoint,9333,9333,1,0,10
EllebedyVaccineCohort,mRNA-1010_397-014_d0,A/SouthAfrica/R05384/2023_H3N2,plate6-TTACGTCAATGTTTGA,256.8,interpolated,midpoint,286.1,256.8,0.9273,0,1.452
EllebedyVaccineCohort,mRNA-1010_397-014_d0,A/SouthAfrica/R05384/2023_H3N2,plate6-TTTATGCCGATAGAGA,314.8,interpolated,midpoint,319.4,314.8,0.933,0,10
EllebedyVaccineCohort,mRNA-1010_397-014_d0,A/Luga/RII-11393S/2023_H3N2,plate6-CTCATTACAGAAATTG,112.4,interpolated,midpoint,156.7,112.4,0.7547,0,2.029
EllebedyVaccineCohort,mRNA-1010_397-014_d0,A/SouthAfrica/PET28931/2023_H3N2,plate6-GGCAATAAGTTAAATG,170.3,interpolated,midpoint,202.9,170.3,0.9068,0,1.176
EllebedyVaccineCohort,mRNA-1010_397-014_d0,A/HongKong/4801/2014_H3N2,plate6-ATTTTTCTATGGCTAC,4278,interpolated,midpoint,4278,4278,1,0,1.949
EllebedyVaccineCohort,mRNA-1010_397-014_d0,A/HongKong/4801/2014_H3N2,plate6-AAGTATTGCTACACAT,2076,interpolated,midpoint,2076,2076,1,0,1.116
EllebedyVaccineCohort,mRNA-1010_397-014_d0,A/HongKong/4801/2014_H3N2,plate6-TCTTAGAGTGAACGAT,2215,interpolated,midpoint,2428,2215,0.8735,0,3.189
EllebedyVaccineCohort,mRNA-1010_397-014_d0,A/HongKong/45/2019_H3N2,plate6-CGGGGACAAGATTGTA,427.7,interpolated,midpoint,450.7,427.7,0.7961,0,10
EllebedyVaccineCohort,mRNA-1010_397-014_d0,A/HongKong/45/2019_H3N2,plate6-TAAAAAGCCTCCATGA,1366,interpolated,midpoint,1366,1366,1,0,1.375
EllebedyVaccineCohort,mRNA-1010_397-014_d0,A/HongKong/45/2019_H3N2,plate6-TATCCAAGGGACGGAC,433.6,interpolated,midpoint,509.7,433.6,0.6,0,9.948
EllebedyVaccineCohort,mRNA-1010_397-014_d0,A/Victoria/4897/2022_IVR-238_H1N1,plate6-AATCCGAAATTTATTC,396.2,interpolated,midpoint,425.7,396.2,0.7438,0,10
EllebedyVaccineCohort,mRNA-1010_397-014_d0,A/Darwin/6/2021_H3N2,plate6-CAATTCGCCGTTCCCC,350.8,interpolated,midpoint,366.2,350.8,0.8256,0,10
EllebedyVaccineCohort,mRNA-1010_397-014_d0,A/Darwin/6/2021_H3N2,plate6-CTATCTTAATCTACAG,277.1,interpolated,midpoint,303.2,277.1,0.9336,0,1.587
EllebedyVaccineCohort,mRNA-1010_397-014_d0,A/Finland/391/2023_H3N2,plate6-CCGCAATGACAATTTG,293.7,interpolated,midpoint,308.7,293.7,0.8039,0,10
EllebedyVaccineCohort,mRNA-1010_397-014_d0,A/Cambodia/e0826360/2020_H3N2,plate6-TTGACTCACCGAATAA,322.4,interpolated,midpoint,351.2,322.4,0.7124,0,10
