barcode,strain
AACCGTTAATAAATAA,A/Shaanxi-Yuyang/1204/2024
AACCCATGACATGCAA,A/Shaanxi-Yuyang/1204/2024
AGTTGACAGAAATAGG,A/Shaanxi-Yuyang/1204/2024
AAACCTCGTGAGGACT,A/Oman/CPHL_7248310/2024
AATCAAACATCCAGCG,A/Oman/CPHL_7248310/2024
TTCTCGGACAGTATCA,A/Oman/CPHL_7248310/2024
AAGAAGCTATAGAAGT,A/DistrictOfColumbia/27/2023
TCCGCACTGCGATCAC,A/DistrictOfColumbia/27/2023
GAATAATAGAACAGAG,A/DistrictOfColumbia/27/2023
TCGATGGAAGACATCT,A/Lisboa/124/2024
GTAAAAATTTACAAAT,A/Lisboa/124/2024
CTGCATAAAAGCTCCC,A/Lisboa/124/2024
ATACTCTGTGCTTTAA,A/BritishColumbia/RV00920/2023
AACGCAAAGAGAGCCA,A/BritishColumbia/RV00920/2023
TACCTAACGTCCAACT,A/BritishColumbia/RV00920/2023
TCGATTACTAGCCGGA,A/Switzerland/9715293/2013
AGCTGAATTAAGTATG,A/Switzerland/9715293/2013
CCAATCCCAGCCTTTA,A/Switzerland/9715293/2013
CGGGAAATGTAAATGA,A/Switzerland/9715293/2013NIB-88
ATAGGATATATGGCTG,A/Switzerland/9715293/2013NIB-88
CCCTCCTCAAGGGTAA,A/Switzerland/9715293/2013NIB-88
ATAGAAAATTATCCGC,A/Texas/50/2012X-223A
TCCCCGTGGTTTGACA,A/Texas/50/2012X-223A
ACGCAAATAGACCGAA,A/Texas/50/2012X-223A
AGTTCCATAGGCATGG,A/Texas/50/2012
AACCGTACCGCGTTTA,A/Texas/50/2012
TGAGTTCATAGCTCCA,A/Texas/50/2012
CACAGACAATAAAAAA,A/HongKong/4801/2014egg
GGTTAACTTTGGAAGC,A/HongKong/4801/2014egg
ATTTACTCATTATACG,A/HongKong/4801/2014egg
AAGTATTGCTACACAT,A/HongKong/4801/2014
TCTTAGAGTGAACGAT,A/HongKong/4801/2014
ATTTTTCTATGGCTAC,A/HongKong/4801/2014
TATCCAAGGGACGGAC,A/HongKong/45/2019
CGGGGACAAGATTGTA,A/HongKong/45/2019
TAAAAAGCCTCCATGA,A/HongKong/45/2019
CGGGAATCTCCCATAC,A/HongKong/2671/2019
TTCATCAAGTTGGTGC,A/HongKong/2671/2019
CGAAAACATTACAAAT,A/HongKong/2671/2019
TACTAGCAATAAAATC,A/Singapore/INFIMH-16-0019/2016
TACCAATGTCATTTGA,A/Singapore/INFIMH-16-0019/2016
CGTACAGTGTAATCGA,A/Singapore/INFIMH-16-0019/2016
AAAGACCTTTAACTCT,A/Singapore/INFIMH-16-0019/2016X-307A
CAGATAGTGATGAACA,A/Singapore/INFIMH-16-0019/2016X-307A
GTAATTCGCATGCGGA,A/Singapore/INFIMH-16-0019/2016X-307A
TATACTCACGGAGGAT,A/Kansas/14/2017
AACCACCCCAGAGATG,A/Kansas/14/2017
GCAACGAGGTGTAACC,A/Kansas/14/2017
ATTAGATTATAACGTA,A/Cambodia/e0826360/2020
TTGCAATTGAAACATA,A/Cambodia/e0826360/2020
TTGACTCACCGAATAA,A/Cambodia/e0826360/2020
CAATTCGCCGTTCCCC,A/Darwin/6/2021
CTATCTTAATCTACAG,A/Darwin/6/2021
GTTATTATGACTTCAT,A/Darwin/6/2021
AAATTCACAATATCCA,A/Cambodia/e0826360/2020egg
TGTTGTAATCTGAATA,A/Cambodia/e0826360/2020egg
ATAACGTTTGTGCAAA,A/Cambodia/e0826360/2020egg
AAAGTAGCAGAGGATT,A/Darwin/9/2021
CGTTAACGGCCTATCC,A/Darwin/9/2021
CAAAAGCAGCACGATA,A/Darwin/9/2021
TCTTGAATTTCATGGA,A/AbuDhabi/6753/2023
TATCGCAATATGATAA,A/AbuDhabi/6753/2023
GCTGGTGCACAAGATT,A/AbuDhabi/6753/2023
CCACGCACTTAAATAA,A/Georgia/40/2023
CCCATATACTCACAGA,A/Georgia/40/2023
CCATATATAAGAAACC,A/Georgia/40/2023
CCGATAAGACGTCGCT,A/California/81/2023
ATTTATATTGTCGAAC,A/California/81/2023
TTATGATCGAGGTAAA,A/California/81/2023
AGATGGAGGAATAAAC,A/Wisconsin/27/2023
CCTATAAGGCCTTACG,A/Wisconsin/27/2023
CAAGACAAGCCCTATA,A/Wisconsin/27/2023
AAGCTAATCGTAGTCC,A/Maldives/852/2023
GGGTGCAATGAATCCA,A/Maldives/852/2023
CAGCCGCTAAAATGAT,A/Maldives/852/2023
TACGAAAATCAAGAGC,A/Oman/3011/2023
AATAGGCCCAAATCCA,A/Oman/3011/2023
TCCTTTAACTAATCGA,A/Oman/3011/2023
CTACTAGAGCAGCGAG,A/SOUTHAFRICA/R07876/202023
AGACTGTACGCGACAG,A/SOUTHAFRICA/R07876/202023
TGATTCGTCAATTCAT,A/SOUTHAFRICA/R07876/202023
AAGAAATTATGGCAGG,A/Bhutan/0845/2023
GACAGAAACAAAATTA,A/Bhutan/0845/2023
AACAATTAATTTTTCA,A/Bhutan/0845/2023
AAGCGGTTTAGGTCCA,A/Netherlands/01693/2023
CCATCACCTTATACAC,A/Netherlands/01693/2023
AACGACACTTACATCC,A/Netherlands/01693/2023
TAGCTGGGCAAAGGCT,A/Bangkok/P3755/2023
TATCATTTCATCTACA,A/Bangkok/P3755/2023
CGCAAGGGATACTAAC,A/Bangkok/P3755/2023
TTAGCTACTAACCCGT,A/Krabi/THIS050/2023
AATTAATGGTAATAAA,A/Krabi/THIS050/2023
CGCGAACAACAGGGGA,A/Krabi/THIS050/2023
GCATCCTTGTGTCGAA,A/Netherlands/01685/2023
TGAGATCAGCCGGGTG,A/Netherlands/01685/2023
GGCTATATATCTGTTT,A/Netherlands/01685/2023
AACAAGGCCAACATTT,A/Netherlands/01760/2023
CTGTGAAAAAAAATAC,A/Netherlands/01760/2023
AATCCGATAAGAGCTA,A/Netherlands/01760/2023
CAGTGCCATCCATCCA,A/Chipata/15-NIC-001/2023
TTTCATATAATTTGAG,A/Chipata/15-NIC-001/2023
CGTATAACTGACGATT,A/Chipata/15-NIC-001/2023
TCAAACTATGATATTC,A/Malaysia/IMR-SARI1989/2023
AATTACGCATAGGCCA,A/Malaysia/IMR-SARI1989/2023
TAATAACTTGAGATTC,A/Malaysia/IMR-SARI1989/2023
CATTTCTGATGAATTG,A/Massachusetts/18/2022
CGATCTTTACGAAAAA,A/Massachusetts/18/2022
TCCACACCCCTAGCTA,A/Massachusetts/18/2022
ATCGATTCGATTGACG,A/Victoria/1033/2023
AACGACAACCATGAAT,A/Victoria/1033/2023
TCTTACATTGAAAGGC,A/Victoria/1033/2023
ACTGAACAGTATAACT,A/Catalonia/NSVH102124476/2023
CTAAGGGCCTGTTCTT,A/Catalonia/NSVH102124476/2023
AATATACCGGCACTAC,A/Catalonia/NSVH102124476/2023
TCGTCCTAGAACCTAA,A/Sydney/749/2023
GTAGAAACTAGGAGTT,A/Sydney/749/2023
AGCAGACACTTTACAT,A/Sydney/749/2023
TCCCGAACTGAACGCG,A/Townsville/68/2023
GTTATAGAGTGCTTAC,A/Townsville/68/2023
ACAGTACAGATATGAC,A/Townsville/68/2023
GCCGTAGCGAAATCTT,A/Sydney/710/2023
CTTGTAAAACTATGAT,A/Sydney/710/2023
TGATCCGCAAGCTTAG,A/Sydney/710/2023
GCCCATTGAACGCAGC,A/Sydney/332/2023
CCCCAGGTATAAAATA,A/Sydney/332/2023
TATTATCTAAACGGCG,A/Sydney/332/2023
TCCGCCACTATAACAT,A/SouthAfrica/R05510/2023
CGCCGAACGGCGGCGC,A/SouthAfrica/R05510/2023
CACCACAGTTACTTAA,A/SouthAfrica/R05510/2023
GGCAATAAGTTAAATG,A/SouthAfrica/PET28931/2023
AAAACAGGTCCGGTTT,A/SouthAfrica/PET28931/2023
ACCGTTTTTCTACCAG,A/SouthAfrica/PET28931/2023
TAAACTGTAACTTACA,A/SouthAfrica/R07188/2023
AGTGCTATAAAAATCA,A/SouthAfrica/R07188/2023
AAATGCTGAGAGGGTA,A/SouthAfrica/R07188/2023
GATCTGCTTGGAATGT,A/SouthAfrica/R06477/2023
TAAACAAAACCTATAC,A/SouthAfrica/R06477/2023
ATTCAATACGTACTTA,A/SouthAfrica/R06477/2023
AGAAAAACGACATCAT,A/SouthAfrica/R06240/2023
CATATTCTAAAATTGA,A/SouthAfrica/R06240/2023
CACCGACCAACTCTCT,A/SouthAfrica/R06240/2023
TAGTTGCCCCGACCTG,A/Solwezi/13-NIC-001/2023
CCACGTTCATTAGATG,A/Solwezi/13-NIC-001/2023
AAACTTCGTGGTATAC,A/Solwezi/13-NIC-001/2023
TACGACGGAAACAGAA,A/Sydney/715/2023
CTACACTACATCAAAT,A/Sydney/715/2023
AATGACAGCTGTCTAG,A/Sydney/715/2023
TGGCTAGCGCACACCA,A/Ontario/RV00796/2023
TCCAAACAGCGTTAAA,A/Ontario/RV00796/2023
TACCATTTTGGTCCGC,A/Ontario/RV00796/2023
AAGTTGTACTTAAGGC,A/SamutSongkhram/THIS061/2023
CCTATTATAGCTAACA,A/SamutSongkhram/THIS061/2023
GAGATAGCCCAGAGGT,A/SamutSongkhram/THIS061/2023
AGGTGCGAGCCATCAG,A/Bangkok/P3599/2023
TTACATTTTTAGAATT,A/Bangkok/P3599/2023
GAAAGAAAGCTATATG,A/Bangkok/P3599/2023
ATGCGTCTAAACATAG,A/Guangdong-Futian/1980/2023
ACAAAGATAAAAATTT,A/Guangdong-Futian/1980/2023
TTATGTTTTAATGGTA,A/Guangdong-Futian/1980/2023
GCTGAAGACAGTATTA,A/SouthAfrica/K056872/2023
AAGAAAACGGAAAGAA,A/SouthAfrica/K056872/2023
ATCGAAAAAACTGCAA,A/SouthAfrica/K056872/2023
GAGCCCGAATAGCAAG,A/SouthAfrica/K056863/2023
CCGCTATCATTAACCC,A/SouthAfrica/K056863/2023
ATCGTCCCGGACATTT,A/SouthAfrica/K056863/2023
AGCATGAGCTTGTCAT,A/Saskatchewan/SKFLU317847/2023
GTTTTTCACTGAGTAG,A/Saskatchewan/SKFLU317847/2023
GACCAAAAAGCAGTAT,A/Saskatchewan/SKFLU317847/2023
GCTTTTGAGAACCATT,A/Saint-Petersburg/RII-166/2023
ATAAAGAATCCCTTGA,A/Saint-Petersburg/RII-166/2023
CCGGTTTTCGGGACCT,A/Saint-Petersburg/RII-166/2023
CCACAAGTTTGAAAAC,A/Finland/399/2023
CCAGAGACACGCTAGG,A/Finland/399/2023
TCAATGAATGCGGGGT,A/Finland/399/2023
TCTTAACTACCCGATG,A/SouthSudan/642/2023
GCTAATTCCAAAAGCG,A/SouthSudan/642/2023
AATCTTTCCAATCTTG,A/SouthSudan/642/2023
TTAGTCATCTGGGTGC,A/SouthSudan/631/2023
CTGAAACCTTGTCCTA,A/SouthSudan/631/2023
CCAATAAAATACGATG,A/SouthSudan/631/2023
GACATCAAATAGCAAC,A/Catalonia/2041146NS/2023
AGATCATAAGCAATAA,A/Catalonia/2041146NS/2023
TAGATAATAAGATTCA,A/Catalonia/2041146NS/2023
GACCTCCTGGGCACGC,A/Bhutan/0006/2023
CAAAAAGCTAATAAGT,A/Bhutan/0006/2023
GAAAATCGAGCTTTAA,A/Bhutan/0006/2023
TCGCGGTAGATTTGCG,A/Bhutan/FLU-BTG-00988/2022
CAAGAAATGTAGTGAA,A/Bhutan/FLU-BTG-00988/2022
GGTTGCGTAGTTAATC,A/Bhutan/FLU-BTG-00988/2022
TATCAATTCGGTATTA,A/Finland/391/2023
CCGCAATGACAATTTG,A/Finland/391/2023
AGCTATGCCTAGTGAA,A/Finland/391/2023
TGTAGTATAAGAATAA,A/KANAGAWA/IC2239/2023
GACCAAAGCTGCAGGG,A/KANAGAWA/IC2239/2023
ACGTAAATCCCCACAA,A/KANAGAWA/IC2239/2023
CATAATGCACAAACGC,A/SouthAfrica/R06359/2023
CGCAGTACACAACAAG,A/SouthAfrica/R06359/2023
AGTTATGTAAAACGTG,A/SouthAfrica/R06359/2023
TTGCTAGTCTACCTGA,A/Brisbane/429/2023
TTAACCTAACGTATAG,A/Brisbane/429/2023
CTCCAATAGGAGACGA,A/Brisbane/429/2023
CTTGAATACACAAACA,A/KANAGAWA/AC2316/2023
TGCCGATCCAATTGAT,A/KANAGAWA/AC2316/2023
TATCCTTGAGTGGCTC,A/KANAGAWA/AC2316/2023
AATCCGGTTAACCCCG,A/Busan/1301/2023
TAAAAGAATGATGGTC,A/Busan/1301/2023
GCATTATAATCTTGTG,A/Busan/1301/2023
TACTGAGACACTTAAA,A/TECPAN/017FLU/2023
CACCTTCATCCTAAAG,A/TECPAN/017FLU/2023
ATAATAATCATCAAGA,A/TECPAN/017FLU/2023
CAGTAGCAAAACATGC,A/EHIME/50/2023
CGCGAATCACTAAGTA,A/EHIME/50/2023
TTATAATGGCCGGTAT,A/EHIME/50/2023
TTTACTCGACTAACCG,A/Romania/543634/2022
CACGTTAGTGAGACTT,A/Romania/543634/2022
CTTCATCTCATTTAAA,A/Romania/543634/2022
TTAGCAGTTAACGTAT,A/YAMAGATA/98/2023
CAACGTGATGAGGAAG,A/YAMAGATA/98/2023
CCCGCTAACCCTGTCT,A/YAMAGATA/98/2023
CCAATCATGTATCACA,A/Schleswig-Holstein/4/2023
ACGGACAACCTATCGC,A/Schleswig-Holstein/4/2023
ACTATACATAGAAGAA,A/Schleswig-Holstein/4/2023
AAAGATAAATTCAAAA,A/SENDAI/45/2023
CTGCGAATATTGTGAC,A/SENDAI/45/2023
TGACAAACACCTGAGG,A/SENDAI/45/2023
AAGTGGTAGGATAAAA,A/SouthAfrica/R06506/2023
ACCCTTTTAGATATGA,A/SouthAfrica/R06506/2023
AAATACCCTTGAGATA,A/SouthAfrica/R06506/2023
TTTATGCCGATAGAGA,A/SouthAfrica/R05384/2023
TTACGTCAATGTTTGA,A/SouthAfrica/R05384/2023
CTTACAAAGGTAATTC,A/SouthAfrica/R05384/2023
CGGCTAAAGTCTATAG,A/SouthAfrica/R07073/2023
CACCCAAACGTTCGCA,A/SouthAfrica/R07073/2023
CATCATTATTACAAAG,A/SouthAfrica/R07073/2023
CGTCAGAAGTTTATAA,A/Luga/RII-11393S/2023
ATGGTTATCTTACCTT,A/Luga/RII-11393S/2023
CTCATTACAGAAATTG,A/Luga/RII-11393S/2023
TTACGACGTCATGTAT,A/SuratThani/P152/2023
GATTCACGGCCCACAA,A/SuratThani/P152/2023
CAATGGATAATGATAG,A/SuratThani/P152/2023
TGAATTGCGTGATGGG,A/Jeju/1047/2023
AATGGTCGAGCCATTC,A/Jeju/1047/2023
AAATTTTTCTTTAGAC,A/Jeju/1047/2023
AGGGACTTTATTGTCC,A/SouthDakota/22/2023
TCAACCCTTCGATGTA,A/SouthDakota/22/2023
GAAGTAACAAACTATG,A/SouthDakota/22/2023
CGTACGTATGTCCCAG,A/Thailand/8/2022
AGACCATCGCACCCAA,A/Thailand/8/2022
CATAAAAGACTGTATA,A/Thailand/8/2022
CAAAAATCTAATACTT,A/Victoria/2570/2019
TATGATGTCAGATAAA,A/Victoria/2570/2019
CATAATCTATTGAAGC,A/Victoria/2570/2019
GACACAGAACCCATGC,A/California/07/2009
CATGTGAATTCGCCCA,A/California/07/2009
CCTTTCTCAAAACATA,A/California/07/2009
ACAAAGTCTCGAGAAG,A/Michigan/45/2015
CACCTAGGATCGCACT,A/Michigan/45/2015
TTGAAAAAATCATAAA,A/Michigan/45/2015
ATCCGATTTAAAGGCA,A/Brisbane/02/2018
TTGGGCACTAAATTAA,A/Brisbane/02/2018
TAATAAGCCAGCAAGA,A/Brisbane/02/2018
ATAGAATCGCAAATTA,A/Hawaii/70/2019
TGGAATCGTCACCGAT,A/Hawaii/70/2019
AGTAAACATGCATTGG,A/Hawaii/70/2019
GAAGAAACTATAACCA,A/Wisconsin/588/2019
TATATTAGTAACATAA,A/Wisconsin/588/2019
AGTCCTATCCTCAAAT,A/Wisconsin/588/2019
AATCCGAAATTTATTC,A/Victoria/4897/2022_R142K
AGAGCTAAAAAGAGGA,A/Victoria/4897/2022_R142K
AAGTTAAGAGAAAGTT,A/Victoria/4897/2022_R142K
AGGAAAGAAACTGGAG,A/Wisconsin/67/2022
AAAGCTCTTTTCGTTC,A/Wisconsin/67/2022
CTGAACTTGTCGATAT,A/Wisconsin/67/2022
A/Norway/7787/2023,ATAAGAGAGCATCTCT
A/Norway/7787/2023,CGCAGATATCATAGAA
A/Norway/7787/2023,ATATGTGCTAACAAAA
A/Pennsylvania/51/2023,ACCAAAGCTGAATGGA
A/Pennsylvania/51/2023,TTGAAAGCCACAACAC
A/Pennsylvania/51/2023,ACAGTCGCAGGGAATA
A/Victoria/1389/2023,CGATGCACTCGTAAGT
A/Victoria/1389/2023,TTTTAGATAAACTTAG
A/Victoria/1389/2023,AAGATTACCAAATTAT
A/Arizona/IVYG43Q65T3/2023,TCACAATTCATATAAT
A/Arizona/IVYG43Q65T3/2023,TAACAGTTAGACAAAA
A/Arizona/IVYG43Q65T3/2023,ATCTAATAATTATGGT
A/Jeonbuk/1544/2023,GTCATATTCGATTACA
A/Jeonbuk/1544/2023,TGGACACTTACAACAA
A/Jeonbuk/1544/2023,AAAGCCCTAGTTAAGT
A/Netherlands/1739/2023,TCTATCATCGCCGTTA
A/Netherlands/1739/2023,ACTAAAGGCATAGTAG
A/Netherlands/1739/2023,AATAAAATGCATGGGT